card_id,disp_id,type,issued
1005,9285,classic,1993/11/7 0:00
104,588,classic,1994/1/19 0:00
747,4915,classic,1994/2/5 0:00
70,439,classic,1994/2/8 0:00
577,3687,classic,1994/2/15 0:00
377,2429,classic,1994/3/3 0:00
721,4680,junior,1994/4/5 0:00
437,2762,classic,1994/6/1 0:00
188,1146,classic,1994/6/19 0:00
13,87,classic,1994/6/29 0:00
732,4763,classic,1994/7/21 0:00
181,1066,classic,1994/8/19 0:00
384,2475,junior,1994/9/15 0:00
309,1946,classic,1994/9/19 0:00
478,3084,classic,1994/10/9 0:00
563,3589,classic,1994/10/21 0:00
369,2363,classic,1994/11/8 0:00
376,2428,classic,1994/11/10 0:00
483,3115,classic,1994/11/24 0:00
174,1039,junior,1994/12/4 0:00
658,4251,classic,1994/12/25 0:00
763,5138,junior,1994/12/30 0:00
778,5275,classic,1995/1/2 0:00
1039,9837,classic,1995/1/7 0:00
477,3082,junior,1995/1/16 0:00
168,1018,classic,1995/1/24 0:00
314,1999,junior,1995/1/27 0:00
468,3023,classic,1995/1/30 0:00
208,1246,gold,1995/2/8 0:00
766,5200,classic,1995/2/11 0:00
464,2984,classic,1995/2/21 0:00
497,3184,classic,1995/3/3 0:00
166,999,classic,1995/3/5 0:00
15,114,classic,1995/3/5 0:00
503,3225,classic,1995/3/8 0:00
1038,9787,junior,1995/3/30 0:00
737,4791,classic,1995/4/13 0:00
418,2623,classic,1995/4/14 0:00
759,5117,junior,1995/4/18 0:00
223,1353,classic,1995/4/18 0:00
5,51,junior,1995/4/24 0:00
159,946,classic,1995/5/1 0:00
1223,13231,junior,1995/5/2 0:00
662,4293,classic,1995/5/9 0:00
779,5323,junior,1995/5/21 0:00
1040,9890,junior,1995/5/28 0:00
545,3458,classic,1995/5/30 0:00
467,3019,classic,1995/6/5 0:00
1247,13660,classic,1995/6/13 0:00
652,4211,classic,1995/6/16 0:00
559,3573,classic,1995/6/17 0:00
719,4663,classic,1995/6/24 0:00
397,2513,classic,1995/6/24 0:00
107,593,classic,1995/6/27 0:00
661,4270,classic,1995/7/3 0:00
484,3116,classic,1995/7/4 0:00
501,3197,classic,1995/7/9 0:00
422,2650,junior,1995/7/11 0:00
705,4555,classic,1995/7/12 0:00
410,2569,classic,1995/7/20 0:00
136,778,classic,1995/7/28 0:00
592,3782,junior,1995/8/7 0:00
262,1647,junior,1995/8/24 0:00
18,128,classic,1995/8/25 0:00
3,41,gold,1995/9/3 0:00
98,537,classic,1995/9/6 0:00
167,1011,classic,1995/9/15 0:00
97,531,junior,1995/9/19 0:00
699,4532,classic,1995/9/26 0:00
342,2157,classic,1995/9/27 0:00
713,4627,classic,1995/9/30 0:00
118,652,classic,1995/10/22 0:00
783,5433,junior,1995/10/24 0:00
1103,11189,classic,1995/11/4 0:00
504,3230,junior,1995/11/6 0:00
261,1629,gold,1995/11/9 0:00
296,1876,gold,1995/11/13 0:00
113,629,junior,1995/11/16 0:00
92,508,classic,1995/11/20 0:00
1225,13268,classic,1995/11/22 0:00
393,2498,junior,1995/12/3 0:00
695,4507,classic,1995/12/15 0:00
666,4328,junior,1995/12/25 0:00
462,2978,classic,1995/12/30 0:00
85,489,classic,1995/12/31 0:00
337,2141,classic,1996/1/1 0:00
771,5233,classic,1996/1/8 0:00
379,2431,classic,1996/1/12 0:00
106,592,classic,1996/1/14 0:00
606,3883,classic,1996/1/22 0:00
427,2688,gold,1996/1/25 0:00
202,1228,classic,1996/2/4 0:00
814,5911,classic,1996/2/15 0:00
1064,10328,classic,1996/2/17 0:00
14,112,classic,1996/2/17 0:00
423,2657,classic,1996/2/19 0:00
989,9119,classic,1996/2/21 0:00
364,2329,classic,1996/2/29 0:00
267,1691,junior,1996/3/9 0:00
621,3970,junior,1996/3/19 0:00
1139,11836,junior,1996/3/26 0:00
725,4715,junior,1996/3/30 0:00
150,859,classic,1996/3/30 0:00
302,1900,classic,1996/3/31 0:00
372,2395,classic,1996/3/31 0:00
499,3187,classic,1996/4/3 0:00
229,1384,classic,1996/4/5 0:00
289,1831,junior,1996/4/8 0:00
1100,11101,junior,1996/4/10 0:00
37,238,classic,1996/4/20 0:00
286,1812,gold,1996/4/21 0:00
157,907,classic,1996/4/24 0:00
216,1310,junior,1996/4/24 0:00
977,8968,classic,1996/5/8 0:00
183,1080,classic,1996/5/8 0:00
945,8342,junior,1996/5/9 0:00
44,268,junior,1996/5/17 0:00
600,3829,classic,1996/5/20 0:00
127,714,classic,1996/5/23 0:00
764,5159,classic,1996/5/29 0:00
204,1239,junior,1996/5/30 0:00
1134,11742,classic,1996/5/31 0:00
312,1971,classic,1996/6/8 0:00
313,1980,classic,1996/6/17 0:00
641,4116,classic,1996/6/18 0:00
731,4751,classic,1996/6/23 0:00
84,487,classic,1996/6/26 0:00
265,1680,classic,1996/6/28 0:00
1176,12502,gold,1996/7/3 0:00
1233,13382,classic,1996/7/6 0:00
407,2555,classic,1996/7/11 0:00
320,2045,classic,1996/7/11 0:00
1187,12635,gold,1996/7/17 0:00
121,666,junior,1996/7/22 0:00
1055,10171,classic,1996/7/24 0:00
303,1912,classic,1996/8/1 0:00
651,4201,junior,1996/8/2 0:00
736,4789,classic,1996/8/3 0:00
24,153,junior,1996/8/5 0:00
587,3763,junior,1996/8/5 0:00
119,655,classic,1996/8/8 0:00
670,4343,classic,1996/8/8 0:00
227,1380,classic,1996/8/10 0:00
1164,12269,classic,1996/8/12 0:00
1043,9974,junior,1996/8/14 0:00
278,1779,classic,1996/8/15 0:00
103,584,junior,1996/8/17 0:00
673,4353,junior,1996/8/31 0:00
38,242,classic,1996/8/31 0:00
470,3036,classic,1996/9/2 0:00
890,7422,classic,1996/9/8 0:00
514,3267,classic,1996/9/10 0:00
741,4832,classic,1996/9/11 0:00
882,7195,classic,1996/9/11 0:00
12,83,junior,1996/9/11 0:00
152,876,classic,1996/9/16 0:00
163,984,classic,1996/9/18 0:00
708,4568,junior,1996/9/24 0:00
1087,10887,classic,1996/10/6 0:00
854,6753,classic,1996/10/7 0:00
601,3830,classic,1996/10/8 0:00
99,548,gold,1996/10/9 0:00
547,3477,classic,1996/10/11 0:00
40,255,classic,1996/10/13 0:00
220,1333,classic,1996/10/13 0:00
390,2490,classic,1996/10/14 0:00
776,5263,classic,1996/10/19 0:00
197,1202,junior,1996/10/21 0:00
516,3279,classic,1996/10/25 0:00
381,2440,classic,1996/10/27 0:00
1010,9413,classic,1996/10/27 0:00
813,5873,junior,1996/10/28 0:00
272,1754,junior,1996/10/28 0:00
772,5243,classic,1996/10/30 0:00
528,3356,classic,1996/10/31 0:00
1014,9452,classic,1996/11/2 0:00
87,493,classic,1996/11/2 0:00
88,496,classic,1996/11/4 0:00
441,2785,classic,1996/11/5 0:00
562,3583,classic,1996/11/7 0:00
690,4479,classic,1996/11/7 0:00
374,2423,classic,1996/11/8 0:00
57,347,classic,1996/11/9 0:00
722,4684,classic,1996/11/14 0:00
300,1890,classic,1996/11/20 0:00
117,649,junior,1996/11/23 0:00
541,3427,junior,1996/11/26 0:00
294,1861,classic,1996/12/4 0:00
10,77,classic,1996/12/7 0:00
710,4588,junior,1996/12/10 0:00
408,2560,classic,1996/12/10 0:00
363,2324,junior,1996/12/11 0:00
697,4518,classic,1996/12/11 0:00
433,2724,classic,1996/12/12 0:00
642,4137,classic,1996/12/13 0:00
243,1478,classic,1996/12/13 0:00
162,967,junior,1996/12/23 0:00
594,3794,junior,1996/12/27 0:00
609,3893,classic,1996/12/29 0:00
1111,11288,classic,1996/12/31 0:00
786,5478,classic,1996/12/31 0:00
1118,11393,classic,1997/1/2 0:00
175,1040,classic,1997/1/3 0:00
565,3601,gold,1997/1/6 0:00
714,4638,classic,1997/1/9 0:00
137,786,junior,1997/1/10 0:00
22,138,classic,1997/1/11 0:00
325,2102,classic,1997/1/12 0:00
194,1182,classic,1997/1/13 0:00
668,4340,classic,1997/1/14 0:00
706,4559,gold,1997/1/16 0:00
850,6644,classic,1997/1/16 0:00
298,1885,classic,1997/1/17 0:00
105,590,classic,1997/1/17 0:00
1036,9735,classic,1997/1/17 0:00
292,1842,gold,1997/1/18 0:00
112,626,junior,1997/1/19 0:00
678,4405,gold,1997/1/20 0:00
1093,11011,classic,1997/1/20 0:00
681,4426,classic,1997/1/22 0:00
582,3733,classic,1997/1/22 0:00
729,4740,junior,1997/1/22 0:00
54,334,classic,1997/1/24 0:00
258,1607,classic,1997/1/26 0:00
534,3387,classic,1997/1/29 0:00
667,4333,classic,1997/1/31 0:00
195,1194,classic,1997/2/3 0:00
199,1213,classic,1997/2/7 0:00
490,3136,gold,1997/2/7 0:00
347,2184,classic,1997/2/11 0:00
210,1253,classic,1997/2/16 0:00
293,1850,classic,1997/2/17 0:00
189,1157,classic,1997/2/19 0:00
324,2074,classic,1997/2/19 0:00
578,3689,junior,1997/2/21 0:00
266,1690,classic,1997/3/4 0:00
568,3615,classic,1997/3/5 0:00
171,1027,classic,1997/3/5 0:00
679,4416,classic,1997/3/6 0:00
841,6468,classic,1997/3/6 0:00
513,3260,classic,1997/3/15 0:00
647,4171,junior,1997/3/21 0:00
665,4318,classic,1997/3/24 0:00
400,2529,classic,1997/4/6 0:00
617,3944,gold,1997/4/9 0:00
709,4587,junior,1997/4/11 0:00
387,2481,classic,1997/4/18 0:00
226,1378,classic,1997/4/18 0:00
350,2226,classic,1997/4/20 0:00
539,3415,classic,1997/4/23 0:00
583,3735,classic,1997/4/24 0:00
576,3671,classic,1997/4/30 0:00
232,1396,classic,1997/5/1 0:00
730,4749,classic,1997/5/2 0:00
616,3943,classic,1997/5/5 0:00
564,3590,classic,1997/5/6 0:00
82,474,classic,1997/5/7 0:00
1173,12442,classic,1997/5/8 0:00
426,2686,classic,1997/5/9 0:00
791,5521,classic,1997/5/12 0:00
572,3636,junior,1997/5/16 0:00
375,2425,junior,1997/5/17 0:00
69,438,classic,1997/5/17 0:00
607,3885,classic,1997/5/17 0:00
155,900,junior,1997/5/17 0:00
275,1762,classic,1997/5/20 0:00
847,6610,classic,1997/5/20 0:00
399,2527,classic,1997/5/22 0:00
305,1914,classic,1997/5/23 0:00
430,2713,classic,1997/5/26 0:00
349,2214,classic,1997/5/26 0:00
256,1583,classic,1997/5/26 0:00
50,309,classic,1997/5/28 0:00
939,8217,junior,1997/5/29 0:00
110,608,classic,1997/5/31 0:00
184,1089,gold,1997/6/3 0:00
90,503,classic,1997/6/4 0:00
597,3813,junior,1997/6/6 0:00
471,3037,classic,1997/6/9 0:00
494,3173,classic,1997/6/10 0:00
211,1271,classic,1997/6/10 0:00
353,2259,classic,1997/6/11 0:00
213,1289,gold,1997/6/11 0:00
1009,9409,gold,1997/6/14 0:00
297,1883,classic,1997/6/15 0:00
801,5684,classic,1997/6/15 0:00
748,4923,classic,1997/6/16 0:00
133,742,classic,1997/6/16 0:00
316,2013,classic,1997/6/17 0:00
145,819,classic,1997/6/17 0:00
270,1736,junior,1997/6/17 0:00
1178,12542,classic,1997/6/19 0:00
222,1345,classic,1997/6/19 0:00
241,1461,classic,1997/6/20 0:00
280,1793,classic,1997/6/22 0:00
675,4376,classic,1997/6/23 0:00
108,597,classic,1997/6/25 0:00
1196,12805,classic,1997/6/27 0:00
287,1819,junior,1997/6/28 0:00
443,2808,classic,1997/6/29 0:00
1138,11825,classic,1997/6/29 0:00
733,4764,junior,1997/6/30 0:00
311,1954,classic,1997/7/1 0:00
120,662,classic,1997/7/3 0:00
122,667,junior,1997/7/3 0:00
476,3079,classic,1997/7/6 0:00
781,5366,classic,1997/7/7 0:00
588,3765,classic,1997/7/8 0:00
403,2538,junior,1997/7/12 0:00
139,797,classic,1997/7/14 0:00
553,3522,classic,1997/7/14 0:00
625,3987,classic,1997/7/17 0:00
413,2592,junior,1997/7/20 0:00
591,3779,classic,1997/7/23 0:00
694,4504,classic,1997/7/24 0:00
512,3259,classic,1997/7/24 0:00
1095,11023,gold,1997/7/28 0:00
1059,10235,classic,1997/7/29 0:00
75,457,classic,1997/7/29 0:00
383,2469,classic,1997/7/30 0:00
115,638,classic,1997/7/30 0:00
884,7286,gold,1997/7/31 0:00
454,2921,classic,1997/8/1 0:00
688,4472,classic,1997/8/1 0:00
936,8030,classic,1997/8/2 0:00
663,4295,classic,1997/8/6 0:00
637,4094,junior,1997/8/6 0:00
511,3257,junior,1997/8/6 0:00
1220,13160,classic,1997/8/8 0:00
628,4007,classic,1997/8/11 0:00
718,4660,classic,1997/8/12 0:00
238,1452,gold,1997/8/17 0:00
546,3465,golden,1997/8/19 0:00
660,4265,junior,1997/8/19 0:00
491,3151,classic,1997/8/21 0:00
140,798,classic,1997/8/22 0:00
502,3201,classic,1997/8/22 0:00
598,3821,classic,1997/8/23 0:00
355,2267,classic,1997/8/28 0:00
43,267,classic,1997/8/29 0:00
610,3894,classic,1997/8/29 0:00
182,1067,gold,1997/8/31 0:00
41,256,classic,1997/8/31 0:00
91,504,junior,1997/9/1 0:00
252,1529,classic,1997/9/2 0:00
495,3181,classic,1997/9/2 0:00
259,1610,classic,1997/9/5 0:00
187,1140,classic,1997/9/7 0:00
185,1098,classic,1997/9/7 0:00
1025,9625,classic,1997/9/8 0:00
19,130,classic,1997/9/9 0:00
431,2715,gold,1997/9/12 0:00
356,2268,classic,1997/9/13 0:00
767,5204,classic,1997/9/14 0:00
537,3405,classic,1997/9/15 0:00
703,4546,classic,1997/9/17 0:00
671,4345,classic,1997/9/17 0:00
896,7567,classic,1997/9/18 0:00
343,2164,classic,1997/9/21 0:00
279,1791,classic,1997/9/21 0:00
622,3981,junior,1997/9/22 0:00
612,3906,classic,1997/9/22 0:00
206,1243,classic,1997/9/22 0:00
190,1165,classic,1997/9/23 0:00
1203,12893,classic,1997/9/26 0:00
234,1424,classic,1997/9/29 0:00
30,202,classic,1997/10/1 0:00
327,2117,classic,1997/10/3 0:00
49,305,classic,1997/10/3 0:00
1115,11375,junior,1997/10/3 0:00
698,4522,gold,1997/10/7 0:00
874,7127,gold,1997/10/7 0:00
247,1500,junior,1997/10/8 0:00
656,4235,classic,1997/10/8 0:00
436,2759,classic,1997/10/9 0:00
124,688,classic,1997/10/10 0:00
633,4078,classic,1997/10/12 0:00
428,2698,classic,1997/10/13 0:00
638,4100,gold,1997/10/14 0:00
153,886,gold,1997/10/19 0:00
596,3811,classic,1997/10/19 0:00
664,4316,classic,1997/10/22 0:00
251,1525,classic,1997/10/23 0:00
552,3519,classic,1997/10/25 0:00
9,76,classic,1997/10/25 0:00
11,79,gold,1997/10/25 0:00
650,4194,classic,1997/10/26 0:00
59,365,classic,1997/10/27 0:00
1016,9525,classic,1997/10/28 0:00
359,2299,classic,1997/10/29 0:00
438,2768,classic,1997/10/30 0:00
94,513,classic,1997/11/6 0:00
1056,10220,classic,1997/11/6 0:00
273,1758,classic,1997/11/7 0:00
947,8366,classic,1997/11/8 0:00
93,510,classic,1997/11/9 0:00
762,5132,classic,1997/11/10 0:00
254,1578,classic,1997/11/11 0:00
611,3896,classic,1997/11/13 0:00
648,4188,classic,1997/11/18 0:00
373,2401,classic,1997/11/18 0:00
579,3699,classic,1997/11/18 0:00
555,3544,classic,1997/11/19 0:00
329,2122,gold,1997/11/19 0:00
707,4560,classic,1997/11/21 0:00
51,321,classic,1997/11/21 0:00
382,2445,gold,1997/11/22 0:00
472,3056,classic,1997/11/24 0:00
237,1445,classic,1997/11/25 0:00
1234,13386,classic,1997/11/28 0:00
86,490,classic,1997/11/28 0:00
540,3425,classic,1997/11/29 0:00
493,3167,classic,1997/11/30 0:00
532,3382,classic,1997/11/30 0:00
590,3769,classic,1997/12/2 0:00
942,8295,classic,1997/12/2 0:00
33,221,junior,1997/12/3 0:00
739,4821,classic,1997/12/3 0:00
45,272,classic,1997/12/5 0:00
25,158,classic,1997/12/6 0:00
200,1220,gold,1997/12/9 0:00
268,1707,gold,1997/12/11 0:00
507,3245,classic,1997/12/11 0:00
569,3616,classic,1997/12/12 0:00
282,1799,gold,1997/12/13 0:00
536,3404,classic,1997/12/13 0:00
1022,9606,classic,1997/12/13 0:00
1105,11237,classic,1997/12/13 0:00
326,2104,classic,1997/12/14 0:00
380,2434,classic,1997/12/15 0:00
723,4699,classic,1997/12/15 0:00
81,473,classic,1997/12/17 0:00
521,3310,classic,1997/12/17 0:00
608,3890,classic,1997/12/17 0:00
589,3766,junior,1997/12/20 0:00
281,1795,classic,1997/12/22 0:00
891,7434,classic,1997/12/23 0:00
774,5249,classic,1997/12/25 0:00
566,3606,classic,1997/12/25 0:00
575,3667,gold,1997/12/25 0:00
154,887,classic,1997/12/28 0:00
130,722,classic,1997/12/29 0:00
434,2739,classic,1997/12/30 0:00
83,483,classic,1998/1/5 0:00
593,3787,junior,1998/1/6 0:00
481,3102,junior,1998/1/6 0:00
304,1913,classic,1998/1/6 0:00
149,858,classic,1998/1/7 0:00
659,4258,classic,1998/1/8 0:00
517,3291,classic,1998/1/9 0:00
368,2361,classic,1998/1/10 0:00
482,3104,junior,1998/1/13 0:00
689,4473,classic,1998/1/15 0:00
557,3567,classic,1998/1/17 0:00
897,7576,classic,1998/1/18 0:00
803,5727,classic,1998/1/19 0:00
401,2532,classic,1998/1/19 0:00
760,5126,classic,1998/1/19 0:00
274,1759,classic,1998/1/21 0:00
28,174,junior,1998/1/22 0:00
904,7672,classic,1998/1/22 0:00
474,3066,junior,1998/1/24 0:00
214,1292,classic,1998/1/24 0:00
55,335,classic,1998/1/25 0:00
340,2155,classic,1998/1/25 0:00
724,4701,gold,1998/1/27 0:00
67,429,junior,1998/1/28 0:00
236,1440,junior,1998/1/29 0:00
68,434,classic,1998/1/31 0:00
348,2203,classic,1998/2/2 0:00
65,414,classic,1998/2/2 0:00
1239,13442,junior,1998/2/2 0:00
165,996,junior,1998/2/4 0:00
249,1517,classic,1998/2/6 0:00
246,1492,classic,1998/2/8 0:00
720,4674,junior,1998/2/9 0:00
518,3292,gold,1998/2/10 0:00
459,2958,gold,1998/2/11 0:00
655,4231,classic,1998/2/13 0:00
624,3985,junior,1998/2/13 0:00
398,2522,classic,1998/2/14 0:00
796,5579,classic,1998/2/20 0:00
100,562,gold,1998/2/21 0:00
574,3640,junior,1998/2/23 0:00
360,2308,classic,1998/2/24 0:00
391,2493,classic,1998/2/24 0:00
283,1800,classic,1998/2/25 0:00
726,4721,classic,1998/2/26 0:00
132,731,junior,1998/2/26 0:00
463,2982,classic,1998/2/26 0:00
21,132,classic,1998/2/26 0:00
529,3357,classic,1998/2/27 0:00
946,8359,junior,1998/2/28 0:00
419,2626,classic,1998/2/28 0:00
248,1512,classic,1998/3/1 0:00
215,1296,classic,1998/3/2 0:00
225,1359,classic,1998/3/3 0:00
643,4157,classic,1998/3/4 0:00
844,6567,junior,1998/3/4 0:00
672,4349,classic,1998/3/7 0:00
276,1765,classic,1998/3/7 0:00
1230,13312,classic,1998/3/8 0:00
599,3824,gold,1998/3/8 0:00
72,447,classic,1998/3/9 0:00
1199,12826,classic,1998/3/9 0:00
48,295,classic,1998/3/10 0:00
58,358,classic,1998/3/11 0:00
334,2133,classic,1998/3/13 0:00
2,19,classic,1998/3/13 0:00
228,1382,junior,1998/3/15 0:00
244,1480,classic,1998/3/16 0:00
1189,12683,classic,1998/3/17 0:00
198,1211,junior,1998/3/18 0:00
34,225,classic,1998/3/20 0:00
535,3395,classic,1998/3/22 0:00
269,1718,gold,1998/3/22 0:00
515,3268,classic,1998/3/23 0:00
290,1833,classic,1998/3/24 0:00
315,2005,junior,1998/3/24 0:00
784,5461,classic,1998/3/24 0:00
63,378,junior,1998/3/27 0:00
417,2619,classic,1998/3/30 0:00
619,3958,classic,1998/4/1 0:00
191,1168,junior,1998/4/2 0:00
965,8636,classic,1998/4/2 0:00
444,2815,gold,1998/4/3 0:00
370,2374,classic,1998/4/3 0:00
156,906,junior,1998/4/7 0:00
492,3166,classic,1998/4/9 0:00
52,326,gold,1998/4/10 0:00
71,441,classic,1998/4/11 0:00
775,5253,gold,1998/4/11 0:00
330,2124,classic,1998/4/11 0:00
510,3256,classic,1998/4/13 0:00
170,1020,classic,1998/4/16 0:00
338,2146,classic,1998/4/16 0:00
755,5002,classic,1998/4/16 0:00
451,2888,junior,1998/4/16 0:00
263,1668,gold,1998/4/17 0:00
602,3846,junior,1998/4/18 0:00
498,3186,classic,1998/4/18 0:00
933,7959,junior,1998/4/21 0:00
89,497,classic,1998/4/22 0:00
761,5128,gold,1998/4/23 0:00
176,1049,classic,1998/4/25 0:00
1102,11183,classic,1998/4/25 0:00
109,605,classic,1998/4/26 0:00
421,2644,classic,1998/4/27 0:00
918,7796,classic,1998/4/27 0:00
680,4417,classic,1998/4/29 0:00
824,6196,classic,1998/4/29 0:00
448,2864,classic,1998/4/29 0:00
1194,12781,junior,1998/4/30 0:00
331,2125,gold,1998/5/1 0:00
734,4765,classic,1998/5/1 0:00
235,1438,classic,1998/5/2 0:00
284,1807,classic,1998/5/7 0:00
412,2585,classic,1998/5/9 0:00
64,402,classic,1998/5/10 0:00
186,1133,gold,1998/5/12 0:00
458,2951,gold,1998/5/14 0:00
465,2995,classic,1998/5/15 0:00
457,2948,junior,1998/5/16 0:00
456,2929,classic,1998/5/16 0:00
645,4166,classic,1998/5/17 0:00
906,7683,gold,1998/5/18 0:00
756,5012,classic,1998/5/18 0:00
218,1322,classic,1998/5/18 0:00
717,4654,classic,1998/5/19 0:00
8,60,junior,1998/5/20 0:00
700,4533,junior,1998/5/22 0:00
757,5013,junior,1998/5/22 0:00
126,707,classic,1998/5/23 0:00
358,2287,junior,1998/5/23 0:00
639,4112,classic,1998/5/23 0:00
212,1280,classic,1998/5/24 0:00
415,2609,classic,1998/5/25 0:00
161,963,classic,1998/5/25 0:00
207,1244,classic,1998/5/25 0:00
1216,13097,classic,1998/5/26 0:00
649,4190,classic,1998/5/29 0:00
475,3075,gold,1998/5/31 0:00
586,3756,classic,1998/5/31 0:00
446,2841,classic,1998/6/4 0:00
823,6178,classic,1998/6/5 0:00
644,4165,classic,1998/6/5 0:00
111,615,classic,1998/6/5 0:00
469,3026,classic,1998/6/7 0:00
17,127,classic,1998/6/7 0:00
558,3568,classic,1998/6/7 0:00
192,1169,classic,1998/6/8 0:00
631,4061,junior,1998/6/9 0:00
317,2015,classic,1998/6/10 0:00
716,4651,junior,1998/6/11 0:00
7,56,classic,1998/6/11 0:00
863,6906,classic,1998/6/12 0:00
123,679,classic,1998/6/12 0:00
770,5232,classic,1998/6/15 0:00
143,816,classic,1998/6/15 0:00
785,5468,classic,1998/6/16 0:00
646,4167,classic,1998/6/17 0:00
160,954,classic,1998/6/17 0:00
669,4341,classic,1998/6/19 0:00
101,566,classic,1998/6/19 0:00
332,2126,classic,1998/6/19 0:00
362,2320,gold,1998/6/21 0:00
173,1031,classic,1998/6/21 0:00
16,116,classic,1998/6/23 0:00
365,2332,classic,1998/6/23 0:00
701,4534,classic,1998/6/24 0:00
80,471,classic,1998/6/25 0:00
831,6275,classic,1998/6/29 0:00
354,2265,gold,1998/6/30 0:00
250,1522,classic,1998/6/30 0:00
142,810,classic,1998/7/1 0:00
991,9149,junior,1998/7/1 0:00
1192,12736,classic,1998/7/2 0:00
738,4808,junior,1998/7/2 0:00
627,3994,classic,1998/7/5 0:00
696,4516,classic,1998/7/5 0:00
260,1616,classic,1998/7/5 0:00
768,5223,classic,1998/7/6 0:00
233,1418,classic,1998/7/7 0:00
450,2880,classic,1998/7/7 0:00
440,2782,classic,1998/7/7 0:00
301,1899,classic,1998/7/7 0:00
485,3124,classic,1998/7/8 0:00
567,3611,classic,1998/7/8 0:00
66,425,classic,1998/7/8 0:00
1002,9261,classic,1998/7/9 0:00
453,2911,gold,1998/7/12 0:00
277,1777,gold,1998/7/12 0:00
571,3627,junior,1998/7/13 0:00
687,4471,classic,1998/7/14 0:00
640,4115,classic,1998/7/14 0:00
39,254,classic,1998/7/14 0:00
435,2740,classic,1998/7/15 0:00
411,2572,classic,1998/7/15 0:00
548,3501,classic,1998/7/16 0:00
1167,12335,classic,1998/7/18 0:00
727,4723,classic,1998/7/19 0:00
603,3850,classic,1998/7/20 0:00
496,3183,junior,1998/7/21 0:00
73,451,junior,1998/7/21 0:00
146,822,classic,1998/7/23 0:00
439,2779,classic,1998/7/23 0:00
613,3913,classic,1998/7/23 0:00
323,2065,junior,1998/7/24 0:00
623,3984,classic,1998/7/25 0:00
530,3360,classic,1998/7/25 0:00
396,2508,classic,1998/7/26 0:00
1076,10604,gold,1998/7/27 0:00
344,2168,classic,1998/7/27 0:00
525,3337,classic,1998/7/27 0:00
42,264,junior,1998/7/28 0:00
740,4823,junior,1998/7/28 0:00
780,5333,classic,1998/7/29 0:00
509,3253,gold,1998/7/30 0:00
308,1938,classic,1998/7/30 0:00
618,3947,classic,1998/7/31 0:00
209,1251,classic,1998/7/31 0:00
1155,12088,classic,1998/8/1 0:00
95,519,junior,1998/8/1 0:00
833,6299,classic,1998/8/1 0:00
319,2038,junior,1998/8/2 0:00
795,5563,classic,1998/8/2 0:00
508,3249,classic,1998/8/3 0:00
78,468,classic,1998/8/4 0:00
683,4437,classic,1998/8/5 0:00
32,219,classic,1998/8/6 0:00
550,3515,classic,1998/8/8 0:00
1217,13098,junior,1998/8/9 0:00
1003,9274,classic,1998/8/9 0:00
179,1059,classic,1998/8/10 0:00
169,1019,classic,1998/8/10 0:00
221,1339,classic,1998/8/10 0:00
684,4457,classic,1998/8/11 0:00
77,466,classic,1998/8/13 0:00
581,3721,classic,1998/8/13 0:00
47,280,classic,1998/8/13 0:00
386,2478,classic,1998/8/14 0:00
346,2177,classic,1998/8/14 0:00
406,2548,classic,1998/8/16 0:00
951,8392,classic,1998/8/16 0:00
519,3297,classic,1998/8/16 0:00
321,2058,gold,1998/8/16 0:00
128,716,classic,1998/8/19 0:00
711,4592,classic,1998/8/19 0:00
538,3414,gold,1998/8/20 0:00
29,192,classic,1998/8/20 0:00
834,6301,classic,1998/8/21 0:00
461,2977,gold,1998/8/21 0:00
239,1453,gold,1998/8/24 0:00
395,2502,classic,1998/8/24 0:00
531,3378,gold,1998/8/24 0:00
1150,12020,classic,1998/8/25 0:00
96,528,classic,1998/8/26 0:00
367,2343,classic,1998/8/27 0:00
1023,9621,classic,1998/8/30 0:00
702,4543,classic,1998/8/30 0:00
405,2542,classic,1998/8/31 0:00
480,3092,classic,1998/9/1 0:00
1098,11063,classic,1998/9/1 0:00
79,469,classic,1998/9/2 0:00
402,2536,classic,1998/9/3 0:00
551,3517,classic,1998/9/3 0:00
425,2662,junior,1998/9/4 0:00
1195,12787,gold,1998/9/4 0:00
1154,12070,classic,1998/9/5 0:00
307,1930,gold,1998/9/5 0:00
752,4944,junior,1998/9/6 0:00
134,769,classic,1998/9/7 0:00
285,1811,gold,1998/9/10 0:00
544,3448,gold,1998/9/10 0:00
526,3339,classic,1998/9/10 0:00
352,2235,classic,1998/9/11 0:00
328,2121,junior,1998/9/12 0:00
26,161,classic,1998/9/14 0:00
141,808,classic,1998/9/15 0:00
151,861,classic,1998/9/16 0:00
203,1231,classic,1998/9/16 0:00
653,4212,classic,1998/9/16 0:00
880,7186,classic,1998/9/17 0:00
620,3959,classic,1998/9/17 0:00
630,4019,classic,1998/9/18 0:00
1188,12678,classic,1998/9/19 0:00
389,2489,gold,1998/9/19 0:00
1024,9622,classic,1998/9/20 0:00
193,1179,gold,1998/9/21 0:00
758,5016,classic,1998/9/21 0:00
634,4081,junior,1998/9/22 0:00
361,2312,classic,1998/9/23 0:00
242,1473,classic,1998/9/24 0:00
923,7855,classic,1998/9/24 0:00
1007,9333,gold,1998/9/25 0:00
520,3308,classic,1998/9/25 0:00
629,4018,junior,1998/9/25 0:00
335,2137,classic,1998/9/25 0:00
414,2606,classic,1998/9/26 0:00
36,236,classic,1998/9/28 0:00
561,3581,gold,1998/9/28 0:00
291,1836,classic,1998/9/29 0:00
231,1390,junior,1998/9/29 0:00
782,5376,classic,1998/9/29 0:00
180,1062,classic,1998/9/29 0:00
765,5175,classic,1998/9/29 0:00
357,2277,junior,1998/9/29 0:00
554,3535,classic,1998/9/29 0:00
956,8502,classic,1998/9/30 0:00
676,4380,classic,1998/9/30 0:00
255,1579,gold,1998/10/1 0:00
1193,12743,classic,1998/10/1 0:00
416,2616,classic,1998/10/1 0:00
585,3753,gold,1998/10/1 0:00
744,4863,classic,1998/10/2 0:00
23,146,classic,1998/10/3 0:00
394,2501,classic,1998/10/5 0:00
460,2971,classic,1998/10/5 0:00
35,231,classic,1998/10/7 0:00
447,2845,classic,1998/10/7 0:00
264,1669,classic,1998/10/7 0:00
245,1483,classic,1998/10/8 0:00
505,3233,junior,1998/10/9 0:00
336,2138,junior,1998/10/9 0:00
366,2335,classic,1998/10/9 0:00
533,3384,classic,1998/10/9 0:00
288,1826,classic,1998/10/10 0:00
754,4976,junior,1998/10/10 0:00
116,646,classic,1998/10/11 0:00
1035,9732,classic,1998/10/11 0:00
682,4429,classic,1998/10/11 0:00
792,5526,classic,1998/10/11 0:00
385,2476,classic,1998/10/12 0:00
53,333,classic,1998/10/13 0:00
751,4941,junior,1998/10/15 0:00
614,3938,junior,1998/10/16 0:00
957,8506,junior,1998/10/16 0:00
1,9,gold,1998/10/16 0:00
743,4862,gold,1998/10/18 0:00
61,374,classic,1998/10/18 0:00
60,370,classic,1998/10/18 0:00
74,453,classic,1998/10/18 0:00
749,4929,classic,1998/10/19 0:00
339,2154,classic,1998/10/19 0:00
769,5224,classic,1998/10/20 0:00
488,3134,gold,1998/10/20 0:00
31,208,classic,1998/10/21 0:00
542,3439,classic,1998/10/22 0:00
750,4937,classic,1998/10/24 0:00
855,6764,classic,1998/10/24 0:00
299,1886,classic,1998/10/25 0:00
158,928,gold,1998/10/25 0:00
857,6789,junior,1998/10/25 0:00
230,1388,gold,1998/10/25 0:00
295,1864,classic,1998/10/26 0:00
584,3751,classic,1998/10/28 0:00
449,2865,classic,1998/10/28 0:00
351,2232,classic,1998/11/1 0:00
138,791,classic,1998/11/2 0:00
524,3333,classic,1998/11/2 0:00
693,4495,junior,1998/11/3 0:00
604,3858,classic,1998/11/4 0:00
746,4901,classic,1998/11/4 0:00
333,2128,classic,1998/11/4 0:00
129,719,classic,1998/11/5 0:00
429,2709,classic,1998/11/5 0:00
424,2659,classic,1998/11/6 0:00
345,2175,classic,1998/11/7 0:00
1165,12291,classic,1998/11/8 0:00
1070,10490,junior,1998/11/8 0:00
217,1316,classic,1998/11/9 0:00
636,4091,junior,1998/11/9 0:00
820,6039,classic,1998/11/10 0:00
46,273,classic,1998/11/10 0:00
742,4833,classic,1998/11/10 0:00
404,2540,junior,1998/11/12 0:00
102,575,classic,1998/11/12 0:00
455,2924,classic,1998/11/13 0:00
253,1536,gold,1998/11/14 0:00
570,3620,classic,1998/11/14 0:00
27,167,junior,1998/11/15 0:00
580,3713,classic,1998/11/16 0:00
409,2562,classic,1998/11/16 0:00
205,1242,classic,1998/11/16 0:00
773,5245,classic,1998/11/18 0:00
487,3130,classic,1998/11/18 0:00
177,1056,classic,1998/11/19 0:00
632,4069,classic,1998/11/19 0:00
445,2820,gold,1998/11/19 0:00
1001,9247,classic,1998/11/20 0:00
257,1589,classic,1998/11/20 0:00
178,1057,classic,1998/11/21 0:00
704,4553,gold,1998/11/21 0:00
56,339,classic,1998/11/22 0:00
148,834,classic,1998/11/22 0:00
392,2496,classic,1998/11/22 0:00
523,3319,junior,1998/11/23 0:00
1175,12494,classic,1998/11/24 0:00
466,2998,classic,1998/11/25 0:00
500,3192,classic,1998/11/26 0:00
4,42,classic,1998/11/26 0:00
388,2488,junior,1998/11/26 0:00
164,992,classic,1998/11/29 0:00
489,3135,classic,1998/11/29 0:00
626,3992,classic,1998/11/30 0:00
1169,12354,classic,1998/11/30 0:00
1137,11771,gold,1998/12/1 0:00
677,4382,junior,1998/12/1 0:00
20,131,classic,1998/12/2 0:00
657,4246,junior,1998/12/2 0:00
219,1329,classic,1998/12/4 0:00
819,5978,gold,1998/12/6 0:00
1177,12535,gold,1998/12/6 0:00
341,2156,gold,1998/12/6 0:00
692,4493,classic,1998/12/8 0:00
715,4639,junior,1998/12/8 0:00
131,725,classic,1998/12/8 0:00
201,1223,classic,1998/12/8 0:00
605,3874,classic,1998/12/11 0:00
306,1929,classic,1998/12/11 0:00
378,2430,classic,1998/12/11 0:00
549,3504,classic,1998/12/12 0:00
371,2388,gold,1998/12/13 0:00
147,826,junior,1998/12/13 0:00
527,3348,junior,1998/12/14 0:00
172,1030,classic,1998/12/14 0:00
886,7325,classic,1998/12/15 0:00
479,3085,classic,1998/12/16 0:00
691,4492,classic,1998/12/16 0:00
560,3577,classic,1998/12/17 0:00
452,2910,classic,1998/12/19 0:00
506,3236,gold,1998/12/19 0:00
735,4772,classic,1998/12/19 0:00
654,4230,classic,1998/12/21 0:00
196,1197,classic,1998/12/22 0:00
473,3063,classic,1998/12/22 0:00
829,6255,classic,1998/12/22 0:00
310,1947,junior,1998/12/23 0:00
76,464,classic,1998/12/23 0:00
573,3638,classic,1998/12/23 0:00
240,1459,classic,1998/12/23 0:00
728,4725,classic,1998/12/24 0:00
924,7862,classic,1998/12/24 0:00
486,3128,gold,1998/12/25 0:00
1081,10696,classic,1998/12/25 0:00
753,4974,classic,1998/12/25 0:00
442,2796,classic,1998/12/26 0:00
125,694,gold,1998/12/26 0:00
674,4360,classic,1998/12/28 0:00
322,2063,classic,1998/12/28 0:00
685,4467,classic,1998/12/29 0:00
635,4083,classic,1998/12/29 0:00
